Engagement ID,Dev_ID,App_ID
1,1,32
2,1,4
3,2,57
4,2,27
5,2,60
6,3,12
7,3,23
8,3,17
9,3,11
10,4,40
11,4,24
12,5,1
13,5,50
14,6,2
15,6,33
16,7,43
17,7,22
18,7,14
19,7,54
20,8,11
21,8,33
22,8,50
23,8,3
24,9,13
25,9,60
26,9,12
27,10,6
28,10,51
29,10,56
30,11,40
31,11,38
32,11,8
33,11,37
34,12,2
35,12,2
36,12,53
37,12,5
38,13,4
39,13,4
40,13,14
41,13,4
42,14,53
43,14,1
44,15,11
45,15,4
46,15,50
47,16,2
48,17,48
49,18,32
50,18,1
51,18,43
52,18,38
53,18,6
54,19,38
55,19,55
56,19,55
57,19,55
58,20,49
59,21,57
60,21,32
61,22,51
62,22,1
63,23,27
64,24,11
65,25,22
66,25,47
67,26,59
68,27,2
69,27,60
70,27,47
71,28,2
72,28,6
73,29,37
74,30,55
75,30,24
76,30,37
77,30,55
78,31,1
79,31,5
80,31,1
81,31,2
82,32,35
83,32,52
84,33,27
85,34,31
86,34,23
87,34,16
88,35,13
89,35,55
90,35,23
91,35,38
92,36,24
93,36,60
94,36,25
95,36,57
96,37,13
97,37,43
98,37,6
99,37,32
100,37,57
101,38,52
102,38,53
103,38,25
104,39,46
105,39,2
106,39,11
107,39,38
108,40,12
109,40,55
110,41,30
111,41,25
112,42,55
113,42,56
114,42,45
115,43,59
116,43,19
117,44,12
118,45,32
119,45,60
120,46,6
121,47,6
122,47,6
123,47,55
124,47,57
125,47,2
126,48,3
127,48,4
128,48,6
129,48,5
130,48,12
131,49,55
132,49,25
133,49,53
134,49,11
135,49,57
136,50,12
137,50,14
138,50,37
139,50,34
140,50,13
141,51,2
142,51,36
143,51,6
144,51,23
145,52,14
146,52,6
147,53,11
148,53,38
149,53,2
150,54,31
151,54,18
152,55,22
153,55,48
154,55,59
155,56,13
156,57,38
157,57,24
158,57,51
159,57,12
160,58,55
161,59,60
162,59,3
163,60,6
164,60,12
165,61,33
166,61,24
167,61,32
168,62,23
169,63,12
170,63,46
171,63,55
172,63,17
173,64,53
174,64,53
175,65,25
176,65,3
177,65,1
178,65,48
179,66,14
180,66,3
181,66,14
182,66,1
183,67,51
184,67,60
185,67,38
186,67,25
187,67,6
188,68,60
189,68,12
190,68,16
191,68,14
192,68,1
193,69,4
194,69,3
195,70,1
196,70,17
197,70,32
198,70,22
199,71,2
200,71,5
201,72,33
202,72,53
203,73,43
204,73,53
205,73,8
206,74,3
207,74,6
208,74,60
209,75,34
210,75,35
211,76,13
212,77,4
213,77,14
214,77,24
215,77,23
216,78,27
217,78,25
218,78,33
219,79,2
220,79,16
221,80,58
222,80,7
223,80,5
224,81,52
225,81,33
226,81,3
227,81,7
228,81,53
229,82,12
230,82,38
231,82,2
232,82,3
233,82,6
234,83,13
235,83,14
236,83,53
237,84,56
238,84,33
239,85,9
240,85,1
241,85,24
242,85,18
243,85,33
244,86,6
245,86,5
246,86,24
247,86,13
248,86,14
249,87,21
250,87,27
251,87,24
252,87,50
253,88,59
254,88,10
255,89,6
256,89,3
257,89,50
258,89,37
259,90,30
260,90,5
261,91,53
262,92,6
263,92,3
264,92,55
265,92,13
266,93,5
267,93,52
268,93,52
269,94,36
270,94,23
271,94,9
272,95,14
273,95,12
274,95,56
275,96,9
276,96,7
277,96,19
278,96,56
279,97,6
280,97,11
281,97,53
282,97,11
283,98,6
284,98,3
285,98,12
286,98,5
287,98,12
288,99,59
289,99,45
290,99,8
291,100,23
292,100,4
293,100,5
294,100,23
295,101,60
296,102,37
297,103,12
298,103,1
299,103,50
300,103,57
301,104,41
302,105,40
303,105,50
304,105,48
305,106,3
306,107,37
307,107,55
308,107,12
309,107,5
310,107,2
311,108,59
312,108,34
313,109,33
314,110,46
315,110,51
316,111,15
317,112,3
318,112,12
319,113,17
320,113,26
321,113,7
322,113,40
323,114,56
324,114,9
325,114,50
326,115,40
327,115,13
328,115,51
329,116,19
330,117,27
331,118,53
332,118,5
333,119,4
334,119,57
335,119,17
336,120,1
337,120,56
338,120,38
339,120,11
340,120,51
341,121,32
342,121,13
343,121,1
344,121,53
345,121,37
346,122,9
347,122,1
348,122,29
349,122,14
350,123,12
351,123,4
352,124,53
353,124,57
354,125,24
355,126,4
356,126,27
357,127,49
358,127,5
359,127,53
360,127,32
361,128,50
362,128,23
363,128,16
364,129,15
365,129,28
366,129,52
367,129,60
368,130,3
369,130,11
370,130,14
371,131,53
372,131,14
373,131,6
374,131,37
375,132,12
376,132,51
377,132,55
378,132,25
379,133,60
380,133,14
381,133,57
382,133,28
383,134,10
384,134,12
385,135,13
386,135,13
387,136,12
388,137,57
389,137,28
390,137,11
391,137,33
392,137,4
393,138,17
394,138,28
395,138,37
396,138,11
397,139,37
398,139,38
399,139,32
400,139,27
401,139,14
402,140,57
403,140,19
404,141,6
405,141,27
406,141,57
407,141,53
408,142,53
409,142,57
410,142,12
411,142,24
412,142,14
413,143,2
414,143,3
415,143,2
416,143,6
417,144,4
418,145,60
419,145,28
420,145,16
421,145,33
422,145,19
423,146,33
424,146,53
425,146,21
426,146,28
427,146,47
428,147,11
429,147,1
430,147,55
431,147,14
432,148,55
433,148,55
434,148,55
435,148,32
436,148,3
437,149,3
438,149,1
439,150,60
440,150,11
441,150,24
442,150,28
443,151,40
444,151,25
445,151,27
446,151,57
447,151,48
448,152,57
449,152,53
450,152,13
451,153,46
452,153,38
453,154,55
454,155,32
455,155,3
456,155,38
457,155,50
458,156,36
459,156,25
460,156,10
461,156,53
462,157,50
463,157,47
464,157,59
465,158,15
466,158,49
467,158,11
468,158,16
469,158,28
470,159,57
471,159,38
472,159,3
473,159,14
474,159,53
475,160,1
476,160,12
477,160,25
478,160,27
479,160,34
480,161,9
481,162,4
482,162,17
483,163,4
484,163,1
485,163,14
486,163,1
487,163,12
488,164,19
489,164,32
490,164,49
491,164,43
492,165,38
493,165,12
494,166,38
495,167,4
496,167,3
497,167,22
498,167,50
499,167,13
500,168,9
501,168,34
502,169,57
503,169,46
504,169,20
505,169,13
506,170,57
507,170,55
508,170,56
509,170,17
510,171,27
511,171,38
512,171,24
513,172,33
514,172,50
515,172,32
516,173,21
517,174,2
518,174,32
519,174,28
520,174,34
521,175,2
522,175,14
523,175,50
524,176,4
525,176,1
526,176,1
527,176,5
528,176,12
529,177,51
530,177,47
531,177,19
532,178,53
533,178,33
534,178,3
535,178,50
536,179,14
537,180,37
538,180,33
539,180,4
540,181,38
541,182,50
542,182,29
543,182,35
544,182,57
545,183,38
546,183,27
547,183,5
548,184,37
549,185,28
550,185,3
551,186,9
552,186,12
553,186,18
554,187,55
555,188,3
556,188,18
557,188,33
558,188,13
559,189,4
560,189,57
561,189,14
562,190,4
563,190,1
564,190,6
565,190,6
566,191,37
567,191,22
568,191,38
569,191,50
570,192,14
571,192,6
572,192,1
573,193,4
574,194,50
575,194,2
576,194,4
577,194,5
578,195,23
579,195,3
580,195,28
581,195,9
582,195,27
583,196,25
584,196,20
585,196,15
586,196,11
587,196,17
588,197,50
589,198,28
590,198,49
591,198,57
592,199,2
593,199,4
594,199,3
595,199,5
596,200,17
597,201,55
598,201,38
599,201,13
600,201,14
601,202,13
602,202,46
603,202,10
604,203,12
605,203,3
606,203,12
607,203,53
608,203,1
609,204,4
610,204,22
611,204,17
612,204,58
613,204,38
614,205,50
615,205,17
616,205,13
617,206,33
618,206,23
619,206,1
620,206,51
621,207,3
622,207,32
623,207,55
624,208,26
625,208,16
626,208,13
627,209,12
628,209,60
629,210,7
630,211,17
631,211,35
632,212,5
633,212,50
634,212,50
635,212,5
636,213,12
637,214,31
638,214,38
639,214,29
640,214,16
641,214,18
642,215,32
643,215,2
644,216,17
645,217,27
646,217,36
647,218,46
648,219,3
649,219,38
650,219,37
651,220,17
652,221,55
653,222,52
654,222,7
655,223,50
656,223,14
657,223,6
658,223,4
659,223,14
660,224,5
661,224,3
662,224,37
663,225,55
664,225,57
665,225,16
666,226,50
667,227,38
668,227,55
669,227,37
670,227,14
671,228,51
672,228,3
673,228,14
674,228,2
675,229,6
676,229,25
677,229,33
678,229,30
679,230,1
680,230,25
681,230,5
682,231,57
683,231,27
684,232,23
685,233,37
686,234,28
687,234,20
688,234,15
689,235,12
690,235,18
691,235,7
692,235,29
693,236,37
694,236,25
695,236,25
696,237,57
697,237,23
698,237,23
699,237,53
700,238,19
701,238,53
702,239,6
703,239,6
704,240,6
705,240,57
706,241,6
707,242,25
708,242,13
709,242,12
710,242,17
711,242,33
712,243,55
713,243,37
714,243,55
715,244,2
716,244,27
717,244,17
718,244,13
719,244,5
720,245,10
721,246,6
722,246,5
723,246,14
724,247,12
725,247,51
726,247,22
727,247,40
728,248,3
729,248,2
730,248,12
731,249,21
732,249,38
733,249,14
734,249,38
735,249,33
736,250,32
737,250,5
738,250,11
739,250,1
740,251,57
741,252,14
742,252,58
743,253,59
744,254,5
745,254,1
746,254,5
747,255,14
748,256,5
749,256,5
750,256,6
751,257,57
752,257,38
753,257,57
754,257,2
755,257,1
756,258,13
757,258,38
758,258,4
759,258,18
760,258,14
761,259,55
762,259,13
763,259,16
764,259,12
765,259,6
766,260,50
767,260,60
768,261,14
769,261,53
770,261,3
771,262,3
772,262,50
773,262,14
774,263,57
775,263,1
776,263,2
777,263,4
778,264,28
779,264,12
780,264,3
781,265,57
782,265,9
783,266,5
784,266,2
785,266,2
786,267,17
787,267,28
788,267,22
789,267,51
790,267,33
791,268,25
792,268,12
793,269,33
794,269,38
795,269,4
796,270,13
797,271,38
798,271,32
799,271,17
800,272,12
801,272,6
802,272,16
803,272,11
804,273,12
805,273,27
806,273,2
807,273,55
808,274,2
809,274,34
810,275,10
811,275,60
812,275,24
813,275,25
814,275,51
815,276,53
816,276,1
817,277,50
818,277,24
819,277,1
820,278,55
821,278,37
822,278,55
823,279,29
824,280,6
825,280,1
826,280,12
827,281,1
828,281,29
829,281,27
830,282,50
831,282,33
832,282,33
833,282,57
834,282,5
835,283,23
836,283,1
837,283,5
838,284,13
839,284,5
840,284,33
841,284,6
842,285,55
843,285,33
844,285,27
845,285,53
846,286,2
847,286,14
848,287,1
849,288,3
850,289,60
851,289,33
852,290,9
853,290,13
854,290,33
855,290,12
856,291,6
857,291,17
858,291,27
859,292,14
860,292,4
861,292,36
862,292,6
863,292,25
864,293,27
865,293,34
866,293,57
867,293,38
868,294,38
869,294,17
870,294,32
871,295,31
872,295,9
873,295,22
874,295,43
875,296,46
876,296,6
877,296,60
878,297,59
879,297,15
880,297,43
881,297,46
882,298,25
883,298,50
884,298,32
885,298,16
886,299,14
887,299,48
888,299,22
889,300,33
890,300,46
891,300,38
892,300,10
893,300,50
